Exp_Type,Treatment,Timepoint,Column,conductivity_uSpercm,pH,doc_mgperL,Na_ppm,K_ppm,Ca_ppm,Mg_ppm,Al_ppm,Fe_ppm,S_ppm
ASW,0,0,"Average of Reps A, B, C",0.05,5.911,0,0.2,0.2,0.1,0.1,0.5,0.2,0.2
ASW,0,1,"Average of Reps A, B, C",19.01,5.89,18.45,2.07,2.82,2.29,1.65,11.25,13.89,0.61
ASW,0,2,"Average of Reps A, B, C",12.36,6.05,15.18,2.29,4.17,0.53,2.13,13.76,18.17,0.2
ASW,0,3,"Average of Reps A, B, C",9.24,6.03,12.67,1.94,3.1,0.54,1.91,12.7,16.22,0.2
ASW,0,4,"Average of Reps A, B, C",7.28,5.98,7.95,1.83,2.15,0.2,1.08,8.53,9.06,0.2
ASW,0,5,"Average of Reps A, B, C",6.96,6.2,7.65,0.58,1.9,0.2,1.03,8.32,8.72,0.2
ASW,0,6,"Average of Reps A, B, C",6.52,5.96,7.04,0.5,2.33,0.2,0.87,7.47,7.32,0.2
ASW,0.1,0,"Average of Reps A, B, C",80.27,5.695,0,8.97,0.4,0.2,0.98,0.5,0.2,0.98
ASW,0.1,1,"Average of Reps A, B, C",90.74,5.48,11.91,7.63,3.49,3.05,1.54,7.84,8.86,0.73
ASW,0.1,2,"Average of Reps A, B, C",16.15,5.72,17.9,2.91,2.91,0.53,1.93,12.96,16.46,0.2
ASW,0.1,3,"Average of Reps A, B, C",10.03,5.81,16.14,2.27,2.09,0.22,1.65,11.63,13.85,0.2
ASW,0.1,4,"Average of Reps A, B, C",7.69,5.85,9.46,2.06,1.76,0.2,1.26,9.51,10.6,0.2
ASW,0.1,5,"Average of Reps A, B, C",7.19,5.9,7.95,1.24,1.4,0.2,1.01,8.26,8.53,0.2
ASW,0.1,6,"Average of Reps A, B, C",6.84,5.89,7.08,0.68,1.33,0.2,0.89,7.6,7.48,0.2
ASW,1,0,"Average of Reps A, B, C",784.5,6.057,0,89.8,4.3,2.1,9.8,0.5,0.2,9.98
ASW,1,1,"Average of Reps A, B, C",782.8,4.9,5.87,70.17,6.36,9.59,6.46,0.5,0.2,9.9
ASW,1,2,"Average of Reps A, B, C",69.61,5.52,16.82,9.34,2.55,0.53,1.94,12.68,16.35,0.74
ASW,1,3,"Average of Reps A, B, C",17.44,6.06,23.36,3.92,3.55,0.23,3.33,19.88,27.9,0.2
ASW,1,4,"Average of Reps A, B, C",11.2,6.07,13.29,2.52,2.25,0.2,1.89,12.68,15.71,0.2
ASW,1,5,"Average of Reps A, B, C",9.55,6.15,10.27,2.79,1.48,0.2,1.42,10.29,11.85,0.2
ASW,1,6,"Average of Reps A, B, C",8.86,6.1,7.53,2.71,1.63,0.19,1,8.23,8.54,0.2
ASW,5,0,"Average of Reps A, B, C",2899,6.715,0,448.9,21.6,10.7,48.9,0.5,0.2,49.9
ASW,5,1,"Average of Reps A, B, C",2837,4.56,5.6,307.27,14.77,24.24,30.36,1.83,0.2,36.66
ASW,5,2,"Average of Reps A, B, C",214.47,5.42,13.43,29.57,2.63,0.76,1.87,9.35,11.94,4.13
ASW,5,3,"Average of Reps A, B, C",30.14,6.04,28.02,5.92,2.94,0.56,3.53,17.77,23.52,0.2
ASW,5,4,"Average of Reps A, B, C",15.06,6.14,16.99,3.97,1.87,0.21,1.3,12.43,14.61,0.2
ASW,5,5,"Average of Reps A, B, C",12.64,6.24,12.35,3.59,1.43,0.2,1.46,10.37,11.69,0.2
ASW,5,6,"Average of Reps A, B, C",11.37,6.43,8.53,3.26,1.2,0.19,1.09,8.57,8.85,0.2
ASW,25,0,"Average of Reps A, B, C",16140,6.975,0,2244.4,107.9,53.4,244.4,0.5,0.2,249.5
ASW,25,1,"Average of Reps A, B, C",15746.67,4.34,7.12,2013.67,81.44,78.99,227.38,8.61,0.2,225.9
ASW,25,2,"Average of Reps A, B, C",1481.33,5.17,3.96,175.03,8.42,4.61,8.95,0.5,0.2,21.02
ASW,25,3,"Average of Reps A, B, C",111,6.04,31.24,16.45,6.95,0.54,6.32,33.65,49.78,2.46
ASW,25,4,"Average of Reps A, B, C",29.15,6.56,26.43,6.52,2.96,0.21,3.13,17.51,22.48,0.2
ASW,25,5,"Average of Reps A, B, C",19.32,6.61,17.83,4.95,2.48,0.2,2.63,15.24,19.56,0.2
ASW,25,6,"Average of Reps A, B, C",16.56,6.51,11.77,4.44,2.05,0.2,1.77,11.33,13.43,0.2
ASW,100,0,"Average of Reps A, B, C",56350,8.05,0,8977.7,431.6,213.6,977.8,0.5,0.2,998.1
ASW,100,1,"Average of Reps A, B, C",55180,4.54,8.29,8674,402.21,240.3,957.68,11.59,0.2,968.2
ASW,100,2,"Average of Reps A, B, C",5673,5.19,3.76,719.2,32.85,14.38,58.26,0.5,0.2,84.66
ASW,100,3,"Average of Reps A, B, C",428.43,6,27.83,55.26,6.29,0.53,4.6,21.76,32.37,6.99
ASW,100,4,"Average of Reps A, B, C",55.31,6.73,29.61,10.43,4.9,0.43,5.03,25.94,36.89,0.2
ASW,100,5,"Average of Reps A, B, C",29.67,6.82,20.56,6.58,3.11,0.19,3.24,17.62,23.62,0.2
ASW,100,6,"Average of Reps A, B, C",23.84,7.01,14.63,5.38,2.31,0.19,2.26,13.23,16.67,0.2
NaCl,0,0,"Average of Reps A, B, C",1.021,5.911,0,0,0,0,0,0,0,0
NaCl,0,1,"Average of Reps A, B, C",19.4,5.62,18.04,1.74,6.38,0.13,1.55,10.72,14.9,0.44
NaCl,0,2,"Average of Reps A, B, C",11.53,5.99,13.08,1.3,5.88,0,1.55,11,15.49,0
NaCl,0,3,"Average of Reps A, B, C",11.95,6.19,9.2,1.26,5.58,0,1.18,6.17,10.95,0
NaCl,0,4,"Average of Reps A, B, C",10.7,6.34,8.25,1.14,5.25,0,1.16,8.41,10.59,0
NaCl,0,5,"Average of Reps A, B, C",14.86,6.3,7.11,1.12,5.27,0,1.01,7.35,8.79,0
NaCl,0,6,"Average of Reps A, B, C",6.9,5.75,7,0.62,3.16,0,1.05,7.64,9.21,0
NaCl,0.1,0,"Average of Reps A, B, C",91.7,5.856,0,16.5528,0,0,0,0,0,0
NaCl,0.1,1,"Average of Reps A, B, C",104.3,5.4,10.83,15.15,7.06,0.72,1.31,6.69,9.16,0
NaCl,0.1,2,"Average of Reps A, B, C",20.77,5.92,16.51,5.03,5.87,0.21,2.02,13.66,20.25,0
NaCl,0.1,3,"Average of Reps A, B, C",12.28,6.03,12.66,3.96,4.98,0.16,1.71,11.8,16.33,0
NaCl,0.1,4,"Average of Reps A, B, C",9.62,6.13,9.92,3.21,4.24,0.1,0.94,10.03,13.39,0
NaCl,0.1,5,"Average of Reps A, B, C",8.61,6.12,7.2,2.99,3.27,0,0.92,6.81,7.84,0
NaCl,0.1,6,"Average of Reps A, B, C",7.61,5.95,6.44,2.43,2.82,0,0.89,6.63,7.49,0
NaCl,1,0,"Average of Reps A, B, C",728.2,5.92,0,165.528,0,0,0,0,0,0
NaCl,1,1,"Average of Reps A, B, C",895.47,4.9,5.12,138.56,9.17,4.06,2.65,1.43,0,0.59
NaCl,1,2,"Average of Reps A, B, C",78.09,5.81,19.89,16.74,5.21,0.11,1.96,14.13,21.33,0.46
NaCl,1,3,"Average of Reps A, B, C",21.47,6.2,18.98,6.98,5.38,0.18,2.44,16.91,24.59,0
NaCl,1,4,"Average of Reps A, B, C",14.79,6.33,14.18,5.08,4.39,0.12,2.06,14.17,19.79,0
NaCl,1,5,"Average of Reps A, B, C",13.31,6.32,11.36,4.48,4.09,0,1.7,11.73,15.97,0
NaCl,1,6,"Average of Reps A, B, C",12.76,6.22,9.61,3.77,4.79,0,1.47,10.29,13.71,0
NaCl,5,0,"Average of Reps A, B, C",3425,5.68,0,827.64,0,0,0,0,0,0
NaCl,5,1,"Average of Reps A, B, C",4133.33,4.59,5.35,762.15,13.32,12.79,7.55,1.64,0,0.5
NaCl,5,2,"Average of Reps A, B, C",326.07,5.66,22.04,62.53,5.72,0.18,2.16,15.47,24.63,0
NaCl,5,3,"Average of Reps A, B, C",43.01,6.32,28.81,12.72,7.57,0.27,3.76,25.07,37.24,0
NaCl,5,4,"Average of Reps A, B, C",23.43,6.54,21.31,8.56,6.89,0.2,3.19,21,30.59,0
NaCl,5,5,"Average of Reps A, B, C",19.94,6.73,13.97,7.3,5.99,0,2.04,13.75,19.01,0
NaCl,5,6,"Average of Reps A, B, C",17.62,6.63,11.94,6.5,4.58,0,1.65,11.38,15.16,0
NaCl,25,0,"Average of Reps A, B, C",15580,5.6,0,4138.2,0,0,0,0,0,0
NaCl,25,1,"Average of Reps A, B, C",18566.67,4.27,5.81,3968.52,21.34,25.45,15.27,4.77,0.16,1.38
NaCl,25,2,"Average of Reps A, B, C",1570,5.38,14.25,297.04,4.56,0.04,1.11,8.48,12.85,0
NaCl,25,3,"Average of Reps A, B, C",127.83,6.31,45.76,33.41,10.24,0.15,5.82,39.63,58.17,0
NaCl,25,4,"Average of Reps A, B, C",34.81,6.66,30.53,13.58,8.45,0,4.37,29.13,42.17,0
NaCl,25,5,"Average of Reps A, B, C",25.66,6.8,22.59,10.42,7.17,0,3.35,22.08,32.18,0
NaCl,25,6,"Average of Reps A, B, C",22.92,7.06,15.92,8.68,6.93,0,2.32,15.45,22.06,0
NaCl,100,0,"Average of Reps A, B, C",70150,5.968,0,16552.8,0,0,0,0,0,0
NaCl,100,1,"Average of Reps A, B, C",63480,4.03,9.31,16766.67,39.92,35.44,19.52,19.45,0.34,2.53
NaCl,100,2,"Average of Reps A, B, C",5982,5.1,7.57,1220.24,3.02,0.27,0.32,0.29,0.76,0
NaCl,100,3,"Average of Reps A, B, C",460.23,6.04,55.74,98.06,11.27,0,6.69,46.37,68.9,0
NaCl,100,4,"Average of Reps A, B, C",63.71,6.73,46.37,25.01,11.23,0,6.35,42.32,62.07,0
NaCl,100,5,"Average of Reps A, B, C",32.66,6.95,27.43,13.94,7.34,0,3.64,24.27,34.99,0
NaCl,100,6,"Average of Reps A, B, C",26.1,7.07,19.36,11.09,6.19,0,2.53,16.93,24.12,0
ColEx,ASW,0,Treatment Water,13240,7.65,0,2938.98,123.17,43.76,236.13,0.21,0,269.44
ColEx,ASW,1,S2,10102,3.93,24.09,2041.4,70.4,45.16,173.68,36.71,62.98,182.71
ColEx,ASW,1,S4,10220,3.94,75.88,2040.41,79.04,51.44,178.58,15.4,74.48,186.49
ColEx,ASW,1,S6,9434,3.72,8,1807.33,62.45,38.84,162.63,63.28,0.1,154.41
ColEx,ASW,1,S7,9114,3.86,31.46,1709.99,56.73,65.48,156.19,36.8,101.88,160.37
ColEx,ASW,1,S10,10060,3.98,21.84,1976.54,68.5,48.31,169.09,22.84,56.24,180.5
ColEx,ASW,2,S2,5015,3.91,23.04,917.98,36.86,22.25,71.74,25.21,45.69,57.43
ColEx,ASW,2,S4,4438,3.94,39.19,788.55,37.94,27.18,64.8,12.44,57.11,54.07
ColEx,ASW,2,S6,5542,3.73,11.5,1062.11,39.63,21.46,86.87,40.51,0.77,66.94
ColEx,ASW,2,S7,7349,3.83,26.33,1406.06,48.31,46.33,105.21,31,67.7,100.69
ColEx,ASW,2,S10,5092,3.87,18.12,879.14,29.5,34.77,81.88,27.63,55.67,53.78
ColEx,ASW,3,S2,2572,4.03,19.47,468.31,21.83,10.13,31.57,10.34,21.95,34.11
ColEx,ASW,3,S4,2851,4.05,24.33,520.38,27.97,15.96,36.22,6.88,33.39,37.34
ColEx,ASW,3,S6,2938,3.87,9.02,549.78,23.33,10.36,40.35,16.73,1.02,40.48
ColEx,ASW,3,S7,3614,4.02,22.35,731.29,27.8,18.99,41.78,11.07,29.24,66.56
ColEx,ASW,3,S10,2741,3.93,12.06,501.95,19.05,18.96,41.38,12.62,29.31,33.06
ColEx,ASW,4,S2,1570,4.1,19.58,295.8,15.21,5.68,17.11,5.21,13.27,28.51
ColEx,ASW,4,S4,1682,4.12,18.46,31,18.07,7.46,17.13,3.08,14.53,27.07
ColEx,ASW,4,S6,1628,3.98,7.17,308.15,14.44,5.13,19.85,7.13,0.3,31.44
ColEx,ASW,4,S7,1666,4.21,21.69,327.25,13.17,6.6,14.38,3.75,9.49,41.99
ColEx,ASW,4,S10,1204,4.2,6.6,211.27,8.75,6.56,14.31,3.93,7.68,17.27
ColEx,ASW,5,S2,972.6,4.22,15.38,170.68,9.7,2.89,8.44,2.45,5.78,19.43
ColEx,ASW,5,S4,997.5,4.28,15.62,186.5,12.36,3.52,7.61,1.52,3.52,19.28
ColEx,ASW,5,S6,1111,4.1,7.74,204.12,10.75,3.15,11.86,3.77,0.22,26.31
ColEx,ASW,5,S7,868.1,4.42,28.55,164.99,7.13,2.75,5.62,1.8,3.94,22.7
ColEx,ASW,5,S10,1248,4.11,9.16,219.57,9.24,6.52,13.88,3.68,6.9,21.48
ColEx,ASW,6,S2,514.3,4.43,19,93.11,5.67,1.2,3.31,1.07,2.13,15.28
ColEx,ASW,6,S4,712.4,4.44,23.85,137.71,9.29,1.93,4.03,1.09,2.5,17.31
ColEx,ASW,6,S6,593.8,4.28,10.3,113.03,6.35,1.34,4.8,1.45,0.12,23.58
ColEx,ASW,6,S7,383.1,4.88,49.35,77.61,3.56,1,1.76,1.81,1.76,12.75
ColEx,ASW,6,S10,409.5,4.55,6.4,68.53,3.26,1.56,3.02,0.85,0.9,9.39
ColEx,ASW,7,S2,296.1,4.69,23.29,57.28,3.55,0.61,1.44,0.82,0.78,11.57
ColEx,ASW,7,S4,311,4.95,33.79,63.74,4.4,0.66,0.94,0.98,0.78,9.81
ColEx,ASW,7,S6,368.9,4.48,15.65,70.9,4.34,0.76,2.37,1.01,0.13,20.11
ColEx,ASW,7,S7,201.9,5.3,65.62,43.67,2.1,0.51,0.67,2.31,1.37,7.18
ColEx,ASW,7,S10,337,4.59,8.74,54.22,2.57,1.15,2.03,0.7,0.61,8.91
ColEx,ASW,8,S2,176.2,4.96,27.77,35.54,2.25,0.34,0.58,0.85,0.39,8.64
ColEx,ASW,8,S4,156.5,5.35,52.01,31.42,2.29,0.29,0.29,1.33,1.05,5.41
ColEx,ASW,8,S6,199,4.7,19.97,38.93,2.52,0.39,0.93,1.27,0.65,13.63
ColEx,ASW,8,S7,116.7,5.7,63.53,25.67,1.26,0.28,0.2,2.31,1.39,3.85
ColEx,ASW,8,S10,224.2,4.84,12.65,40.75,2,0.72,1.26,0.67,0.35,8.55
ColEx,ASW,9,S2,131.4,5.23,36.7,21.61,1.32,0.29,0.2,1.01,0.4,5.96
ColEx,ASW,9,S4,90.27,5.52,59.76,19.36,1.5,0.33,0.14,1.76,1.63,3.42
ColEx,ASW,9,S6,134.6,4.92,21.95,27.15,1.68,0.3,0.41,0.87,0.2,10.49
ColEx,ASW,9,S7,94.31,5.8,67.18,22.76,1.09,0.32,0.16,2.68,1.69,3.17
ColEx,ASW,9,S10,144.3,5.22,17.53,28.48,1.35,0.52,0.61,0.69,0.27,6.99
ColEx,ASW,10,S2,80.8,5.46,50.25,18.59,1.19,0.16,0.13,1.55,0.8,3.43
ColEx,ASW,10,S4,72.59,5.43,69.77,16.07,1.4,0.19,0.13,2.06,2.41,2.3
ColEx,ASW,10,S6,95.47,5.9,23.85,19.41,1.3,0.15,0.19,0.98,0.43,8.05
ColEx,ASW,10,S7,90.2,5.34,85.13,23.29,1.08,0.23,0.17,3.21,1.97,2.78
ColEx,ASW,10,S10,132.7,5.29,33.33,27.83,1.31,0.29,0.42,1.12,0.69,6.68
ColEx,ASW,11,S2,55.25,5.64,54.76,13.48,0.82,0.15,0.05,1.75,0.67,2.06
ColEx,ASW,11,S4,59.26,5.54,70.83,13.81,1.14,0.22,0.08,1.96,2.01,1.76
ColEx,ASW,11,S6,62.16,5.57,28.97,13.61,0.98,0.16,0.06,1.19,0.43,5.44
ColEx,ASW,11,S7,65.05,6.08,69.27,16.13,0.77,0.18,0.07,2.52,1.16,1.48
ColEx,ASW,11,S10,70.9,5.48,40.12,15.55,0.74,0.19,0.12,1.32,0.79,3.97
ColEx,ASW,12,S2,49.13,5.7,55.35,12.05,0.74,0.24,0.07,1.94,0.94,1.54
ColEx,ASW,12,S4,51.23,5.62,64.66,11.37,0.36,0.18,0.08,1.97,2.08,1.33
ColEx,ASW,12,S6,49.11,5.81,31.55,10.72,0.71,0.12,0.05,1.27,0.67,3.69
ColEx,ASW,12,S7,60.07,6.12,64.08,14.64,0.59,0.17,0.04,2.43,1.57,1.47
ColEx,ASW,12,S10,51.04,5.7,41.86,11.76,0.5,0.17,0.05,1.36,0.92,2.79
ColEx,Control,0,Treatment Water,1.38,6.49,0,0,0,0,0,0,0,0
ColEx,Control,1,C1,7.97,6.76,6.45,7.44,1.413,0.194,0,0.297,0.197,0.12
ColEx,Control,1,C2,23.21,5.86,6.28,4.98,1.741,0.392,0.434,0.339,0.258,1.242
ColEx,Control,1,C3,14.56,6.16,4.01,3.58,1.132,0.354,0.281,0.312,0.213,0.775
ColEx,Control,1,C4,9.98,6.33,9.87,2.28,1.396,0.294,0.118,0.455,0.456,0.22
ColEx,Control,1,C5,8.3,6.39,5.49,6.1,0.893,0.111,0.097,0.431,0.489,0.175
ColEx,Control,2,C1,9.96,6.52,8.8,7.417,1.645,0.212,0.082,0.312,0.151,0.185
ColEx,Control,2,C2,16.7,6.14,9.99,4.68,1.56,0.313,0.295,0.339,0.12,0.744
ColEx,Control,2,C3,16.59,6.08,5.74,3.367,1.278,0.396,0.283,0.278,0.126,0.851
ColEx,Control,2,C4,10.27,6.03,14.49,2.025,1.513,0.314,0.131,0.425,0.274,0.194
ColEx,Control,2,C5,8.86,6.39,7.95,6.365,1.19,0.279,0,0.298,0.221,0.13
ColEx,Control,3,C1,9.44,6.72,8.84,7.151,1.671,0.217,0.09,0.869,0.229,0.331
ColEx,Control,3,C2,15.12,5.95,10.71,4.708,1.554,0.271,0.255,0.341,0.112,0.557
ColEx,Control,3,C3,14.53,6.13,5.39,3.034,1.212,0.311,0.219,0.246,0.099,0.642
ColEx,Control,3,C4,10.18,6.02,15.33,2.176,1.554,0.303,0.134,0.441,0.286,0.155
ColEx,Control,3,C5,7.87,6.29,8.04,5.553,1.113,0.259,0,0.281,0.169,0.106
ColEx,Control,4,C1,9.02,6.65,8.98,6.708,1.574,0.192,0.088,0.332,0.129,0.185
ColEx,Control,4,C2,11.46,5.86,10.3,4.37,1.334,0.22,0.202,0.349,0.129,0.375
ColEx,Control,4,C3,11.4,6.05,5.26,2.775,1.176,0.245,0.169,0.237,0.06,0.497
ColEx,Control,4,C4,9.52,6.01,14.92,1.83,1.486,0.269,0.129,0.45,0.277,0.106
ColEx,Control,4,C5,7.16,5.94,7.92,4.35,1.129,0.302,0,0.286,0.162,0
ColEx,Control,5,C1,8.44,6.86,8.79,6.607,1.633,0.168,0,0.314,0.129,0.18
ColEx,Control,5,C2,11.91,5.94,10.94,4.015,1.27,0.23,0.188,0.364,0.152,0.331
ColEx,Control,5,C3,10,6.03,4.62,2.589,1.101,0.207,0.125,0.215,0.062,0.373
ColEx,Control,5,C4,9.36,5.9,14.9,2.175,1.552,0.242,0.12,0.455,0.306,0.139
ColEx,Control,5,C5,7.08,6.05,7.84,3.486,1.24,0.309,0.115,0.305,0.145,0.081
ColEx,Control,6,C1,8.64,6.61,9.95,6.166,1.676,0.178,0.087,0.326,0.128,0.156
ColEx,Control,6,C2,11.14,6.08,11.4,4.004,1.302,0.235,0.182,0.363,0.134,0.264
ColEx,Control,6,C3,8.36,6.09,3.87,2.424,1.048,0.185,0.114,0.219,0.073,0.319
ColEx,Control,6,C4,9.05,5.87,14.17,1.801,1.432,0.224,0.106,0.43,0.263,0.104
ColEx,Control,6,C5,7.5,5.88,7.82,2.823,1.184,0.244,0.089,1.126,0.151,0.258
ColEx,Control,7,C1,10.65,6.32,8.97,5.849,1.592,0.173,0.08,0.339,0.117,0.16
ColEx,Control,7,C2,10.49,6.1,10.92,3.713,1.278,0.195,0.166,0.361,0.148,0.207
ColEx,Control,7,C3,7.98,6.08,4.12,2.31,0.966,0.174,0.105,0.213,0.053,0.255
ColEx,Control,7,C4,9.01,5.76,13.71,1.882,1.423,0.212,0.117,0.467,0.342,0.111
ColEx,Control,7,C5,7.57,5.99,8.4,2.194,1.139,0.346,0.087,0.279,0.147,0
ColEx,Control,8,C1,7.83,6.46,8.81,5.576,1.421,0.157,0,0.328,0.125,0.185
ColEx,Control,8,C2,10.64,6.36,11.8,3.372,1.185,0.221,0.173,0.375,0.157,0.182
ColEx,Control,8,C3,7.1,6.17,3.63,2.249,0.931,0.159,0.094,0.21,0.035,0.251
ColEx,Control,8,C4,8.41,6.05,13.34,1.844,1.365,0.175,0.097,0.405,0.224,0.084
ColEx,Control,8,C5,6.92,6.19,8.04,1.854,1.068,0.184,0,0.267,0.076,0.092
ColEx,Control,9,C1,7.76,6.39,8.51,5.26,1.48,0.152,0,0.324,0.11,0.126
ColEx,Control,9,C2,7.89,6.23,8.7,2.977,1.019,0.178,0.127,0.318,0.084,0.15
ColEx,Control,9,C3,8.19,6.35,4.69,2.208,1.056,0.161,0.102,0.2,0.043,0.245
ColEx,Control,9,C4,7.9,6.08,12.13,1.778,1.351,0.164,0.095,0.407,0.224,0.092
ColEx,Control,9,C5,6.36,5.98,7.07,1.623,1.043,0.228,0,0.257,0.252,0
ColEx,Control,10,C1,8.41,6.56,8.89,5.394,1.482,0.17,0,0.316,0.106,0.185
ColEx,Control,10,C2,8.71,6.39,9.65,3.031,1.085,0.175,0.14,0.326,0.106,0.175
ColEx,Control,10,C3,7.72,6.05,4.11,2.227,0.888,0.161,0.085,0.21,0.057,0.266
ColEx,Control,10,C4,8.16,5.98,12.16,3.818,1.365,0.185,0.096,0.403,0.225,23.352
ColEx,Control,10,C5,6.44,5.96,6.68,1.651,1.058,0.173,0.085,0.368,0.123,0.223
ColEx,Control,11,C1,8.7,6.8,8.98,4.751,1.498,0.164,0.08,0.323,0.118,0.183
ColEx,Control,11,C2,9.68,6.19,10.69,3.547,1.203,0.175,0.165,0.353,0.141,0.193
ColEx,Control,11,C3,8.63,5.99,4.39,2.128,0.998,0.197,0.123,0.233,0.265,0.324
ColEx,Control,11,C4,8.56,5.86,12.7,1.674,1.476,0.168,0.092,0.397,0.21,0.119
ColEx,Control,11,C5,6.94,5.86,7.5,1.274,1.126,0.166,0,0.269,0.125,0
ColEx,Control,12,C1,8.33,6.32,8.28,4.641,1.427,0.159,0.08,0.318,0.125,0.191
ColEx,Control,12,C2,8.96,6.03,10.28,3.09,1.122,0.17,0.158,0.339,0.112,0.156
ColEx,Control,12,C3,8.1,6.13,4.49,2.264,0.986,0.193,0.121,0.234,0.057,0.308
ColEx,Control,12,C4,7.97,5.96,12.45,1.355,1.408,0.16,0.101,0.424,0.278,0.125
ColEx,Control,12,C5,6.05,5.9,6.72,1.286,1.038,0.151,0,0.253,0.101,0
ColEx,Freshwater,0,Treatment Water,91.41,6.82,0,15.69,0.77,0.34,1.24,0.3,0,1.49
ColEx,Freshwater,1,F1,112.8,4.54,28.21,8.51,4.08,1.32,1.89,0.76,1.86,2.27
ColEx,Freshwater,1,F3,110,4.6,33.4,7.77,3.1,1.4,1.78,1.15,6.7,1.89
ColEx,Freshwater,1,F5,77.96,4.95,5.26,5.53,3.59,1.08,2.64,0.77,0.12,1.3
ColEx,Freshwater,1,F8,102.2,4.54,14.66,10.86,3.67,0.93,1.66,0.69,1.07,1.71
ColEx,Freshwater,1,F9,96.17,4.78,6.76,9.49,3.82,0.72,1.32,0.63,0.24,1.94
ColEx,Freshwater,2,F1,56.58,5.2,13.02,4.58,2.64,0.93,1.15,0.6,0.3,1.77
ColEx,Freshwater,2,F3,61.35,4.79,35.55,4.49,2.43,1.04,1.34,1.18,2.6,1.35
ColEx,Freshwater,2,F5,51.84,5.18,5.55,4.18,2.54,0.74,1.53,0.54,0,0.86
ColEx,Freshwater,2,F8,32.96,6.15,12.41,3.2,3.4,0.47,0.61,0.49,0,0.58
ColEx,Freshwater,2,F9,37.49,5.62,4.19,3.83,2.11,0.48,0.65,0.42,0,1.29
ColEx,Freshwater,3,F1,33.23,5.4,11.55,3.13,1.75,0.61,0.59,0.59,0.12,1.39
ColEx,Freshwater,3,F3,35.25,4.93,32.77,3.28,1.81,0.69,0.76,1.26,1.78,1.08
ColEx,Freshwater,3,F5,26.66,5.68,7.76,3.11,1.67,0.46,0.62,0.54,0,0.9
ColEx,Freshwater,3,F8,22.04,6.23,13.5,2.26,3.11,0.41,0.41,0.51,0,0.47
ColEx,Freshwater,3,F9,23.75,5.56,4.54,2.43,1.42,0.35,0.35,0.42,0,1.09
ColEx,Freshwater,4,F1,24.18,5.54,12.23,2.67,1.48,0.41,0.38,0.6,0.08,1.18
ColEx,Freshwater,4,F3,25.2,5.02,30.27,2.98,1.53,0.52,0.51,1.27,1.41,0.87
ColEx,Freshwater,4,F5,17.77,5.33,9.26,2.28,1.16,0.28,0.35,0.59,0,0.87
ColEx,Freshwater,4,F8,17.27,6.06,14.62,1.93,2.69,0.3,0.3,0.55,0,0.46
ColEx,Freshwater,4,F9,19.66,6.11,5.06,2.18,1.22,0.25,0.23,0.42,0.52,1.09
ColEx,Freshwater,5,F1,20.05,5.32,11.77,2.27,1.36,0.49,0.26,0.6,0.06,1.02
ColEx,Freshwater,5,F3,20.62,5.11,23.7,2.55,1.41,0.56,0.36,1.03,0.78,0.85
ColEx,Freshwater,5,F5,15.66,5.37,10.59,2.17,1.16,0.4,0.26,0.62,0,0.91
ColEx,Freshwater,5,F8,15.58,6.09,15.61,1.75,2.6,0.4,0.22,0.59,0,0.5
ColEx,Freshwater,5,F9,15.31,5.48,5.17,1.88,1.19,0.39,0.18,0.45,0,0.99
ColEx,Freshwater,6,F1,16.65,5.27,13.22,2,1.18,0.39,0.21,0.62,0.06,0.93
ColEx,Freshwater,6,F3,19.19,5,29.16,2.42,1.33,0.47,0.35,1.3,0.95,0.76
ColEx,Freshwater,6,F5,12.56,5.41,11.37,1.95,1.01,0.27,0.19,0.63,0,0.78
ColEx,Freshwater,6,F8,17.75,6.14,19.55,1.92,3.21,0.32,0.29,0.7,0,0.55
ColEx,Freshwater,6,F9,14.57,5.5,6.99,1.84,1.09,0.25,0.14,0.45,0,0.98
ColEx,Freshwater,7,F1,49.29,5.56,15.29,2.03,1.24,0.3,0.19,0.69,0.11,0.86
ColEx,Freshwater,7,F3,21.04,5.24,28.78,2.25,1.19,0.37,0.29,1.29,0.91,0.65
ColEx,Freshwater,7,F5,13.42,5.67,10.7,1.96,0.95,0.24,0.17,0.65,0,0.72
ColEx,Freshwater,7,F8,19.62,6.15,19.71,1.76,2.94,0.26,0.26,0.73,0,0.53
ColEx,Freshwater,7,F9,13.71,5.6,6.21,1.61,0.92,0.21,0.09,0.44,0,0.88
ColEx,Freshwater,8,F1,14.84,5.4,15.7,1.95,1.14,0.3,0.19,0.71,0.16,0.79
ColEx,Freshwater,8,F3,17.93,5.25,26.64,2.19,1.1,0.34,0.25,1.21,0.9,0.64
ColEx,Freshwater,8,F5,11.67,5.67,10.29,1.95,0.86,0.23,0.13,0.62,0,0.63
ColEx,Freshwater,8,F8,15.58,6.1,18.12,1.75,2.53,0.26,0.25,0.7,0,0.5
ColEx,Freshwater,8,F9,11.89,5.61,6.32,1.57,0.89,0.2,0.07,0.45,0,0.85
ColEx,Freshwater,9,F1,13.92,5.45,14.8,1.92,1.06,0.35,0.14,0.69,0.09,0.65
ColEx,Freshwater,9,F3,15.9,5.17,24.86,2.13,1.08,0.43,0.24,1.18,0.89,0.58
ColEx,Freshwater,9,F5,10.79,5.62,10.15,1.88,0.83,0.26,0.12,0.62,0,0.6
ColEx,Freshwater,9,F8,13.93,5.95,16.7,1.71,2.26,0.29,0.2,0.71,0,0.49
ColEx,Freshwater,9,F9,10.11,5.27,6.02,1.55,0.85,0.32,0.06,0.46,0,0.78
ColEx,Freshwater,10,F1,18.3,5.58,13.96,1.8,0.93,0.22,0.11,0.64,0.03,0.57
ColEx,Freshwater,10,F3,18.41,5.14,27.7,2.24,1.16,0.33,0.28,1.3,1.04,0.67
ColEx,Freshwater,10,F5,11.93,5.49,10.74,1.83,0.87,0.19,0.13,0.62,0,0.68
ColEx,Freshwater,10,F8,14.26,5.78,16.27,1.74,2.04,0.21,0.22,0.69,0,0.57
ColEx,Freshwater,10,F9,9.25,5.64,5.77,1.36,0.73,0.15,0.03,0.42,0,0.68
ColEx,Freshwater,11,F1,12.34,5.42,15.3,1.79,1.03,0.25,0.13,0.7,0.08,0.57
ColEx,Freshwater,11,F3,15.86,5.17,25.13,2.09,1.11,0.31,0.23,1.21,0.98,0.53
ColEx,Freshwater,11,F5,10.48,5.52,10.18,1.79,0.83,0.22,0.11,0.64,0,0.6
ColEx,Freshwater,11,F8,14.77,5.83,17.05,1.73,2.13,0.27,0.28,0.73,0,0.54
ColEx,Freshwater,11,F9,10.32,5.74,6.89,1.45,0.71,0.19,0.04,0.47,0,0.72
ColEx,Freshwater,12,F1,10.84,5.57,12.98,1.71,1.02,0.24,0.1,0.66,0.06,0.51
ColEx,Freshwater,12,F3,15.5,5.23,24.23,2.08,1.15,0.32,0.24,1.21,0.77,0.55
ColEx,Freshwater,12,F5,10.33,5.67,9.79,1.91,0.9,0.19,0.12,0.65,0,0.58
ColEx,Freshwater,12,F8,14.19,5.97,16.56,1.74,2.13,0.24,0.31,0.73,0,0.59
ColEx,Freshwater,12,F9,9.96,5.78,6.48,1.55,0.79,0.18,0.04,0.45,0,0.68